[{
    "id": "country",
    "name": "Country",
    "parents": ["country-group"]
}, {
    "id": "country-group",
    "name": "Country group",
    "parents": []
}, {
    "id": "country-subset",
    "name": "Country subset",
    "parents": ["country"]
}, {
    "id": "fr:canton",
    "name": "French canton",
    "parents": ["fr:departement"]
}, {
    "id": "fr:departement",
    "name": "French county",
    "parents": ["fr:region"]
}, {
    "id": "fr:district",
    "name": "French district",
    "parents": ["fr:departement"]
}, {
    "id": "fr:epci",
    "name": "French intermunicipal (EPCI)",
    "parents": ["fr:region"]
}, {
    "id": "fr:iris",
    "name": "Iris (Insee districts)",
    "parents": ["fr:commune"]
}, {
    "id": "fr:region",
    "name": "French region",
    "parents": ["country"]
}, {
    "id": "fr:commune",
    "name": "French town",
    "parents": ["fr:district", "fr:epci"]
}]
